{"cameraMode":{"drawMode":0,"name":"Shaded","section":"Shading Mode"},"sceneLighting":true,"audioPlay":false,"sceneViewState":{"showFog":true,"showMaterialUpdate":false,"showSkybox":true,"showFlares":true,"showImageEffects":true,"showParticleSystems":true},"in2DMode":false,"pivot":{"x":138.31253051757813,"y":-2.2343153953552248,"z":265.231689453125},"rotation":{"x":-0.26109957695007326,"y":-0.15928730368614198,"z":0.04370306804776192,"w":-0.951184868812561},"size":116.7890625,"orthographic":true}