{"cameraMode":{"drawMode":0,"name":"Shaded","section":"Shading Mode"},"sceneLighting":true,"audioPlay":false,"sceneViewState":{"showFog":true,"showMaterialUpdate":false,"showSkybox":true,"showFlares":true,"showImageEffects":true,"showParticleSystems":true},"in2DMode":false,"pivot":{"x":89.38834381103516,"y":5.142397403717041,"z":108.11170959472656},"rotation":{"x":-0.19262877106666566,"y":-0.14166834950447083,"z":0.02810497395694256,"w":-0.9706957340240479},"size":69.36121368408203,"orthographic":true}