{"cameraMode":{"drawMode":0,"name":"Shaded","section":"Shading Mode"},"sceneLighting":true,"audioPlay":false,"sceneViewState":{"showFog":true,"showMaterialUpdate":false,"showSkybox":true,"showFlares":true,"showImageEffects":true,"showParticleSystems":true},"in2DMode":false,"pivot":{"x":71.76204681396485,"y":-16.472646713256837,"z":31.323200225830079},"rotation":{"x":-0.00015087748761288822,"y":-0.9916702508926392,"z":0.12904097139835359,"w":-0.0011961587006226183},"size":83.2494888305664,"orthographic":true}