{"cameraMode":{"drawMode":0,"name":"Shaded","section":"Shading Mode"},"sceneLighting":true,"audioPlay":false,"sceneViewState":{"showFog":true,"showMaterialUpdate":false,"showSkybox":true,"showFlares":true,"showImageEffects":true,"showParticleSystems":true},"in2DMode":false,"pivot":{"x":130.2510986328125,"y":-3.659585475921631,"z":203.96856689453126},"rotation":{"x":-0.28479450941085818,"y":0.5040202140808106,"z":-0.18049588799476624,"w":-0.7952180504798889},"size":52.658145904541019,"orthographic":true}