{"cameraMode":{"drawMode":0,"name":"Shaded","section":"Shading Mode"},"sceneLighting":true,"audioPlay":false,"sceneViewState":{"showFog":true,"showMaterialUpdate":false,"showSkybox":true,"showFlares":true,"showImageEffects":true,"showParticleSystems":true},"in2DMode":false,"pivot":{"x":91.0,"y":5.199999809265137,"z":72.69999694824219},"rotation":{"x":0.11999043077230454,"y":0.2214275300502777,"z":-0.027466297149658204,"w":0.9674502015113831},"size":13.608617782592774,"orthographic":true}