{"cameraMode":{"drawMode":0,"name":"Shaded","section":"Shading Mode"},"sceneLighting":true,"audioPlay":false,"sceneViewState":{"showFog":true,"showMaterialUpdate":false,"showSkybox":true,"showFlares":true,"showImageEffects":true,"showParticleSystems":true},"in2DMode":false,"pivot":{"x":116.94293212890625,"y":38.846492767333987,"z":94.62115478515625},"rotation":{"x":-0.253645658493042,"y":-0.11775629222393036,"z":0.031108520925045015,"w":-0.9596584439277649},"size":93.75640106201172,"orthographic":true}