{"cameraMode":{"drawMode":0,"name":"Shaded","section":"Shading Mode"},"sceneLighting":true,"audioPlay":false,"sceneViewState":{"showFog":true,"showMaterialUpdate":false,"showSkybox":true,"showFlares":true,"showImageEffects":true,"showParticleSystems":true},"in2DMode":false,"pivot":{"x":116.94293212890625,"y":38.846492767333987,"z":94.62115478515625},"rotation":{"x":-0.11230085790157318,"y":-0.17845068871974946,"z":0.02049075998365879,"w":-0.9773654937744141},"size":93.75640106201172,"orthographic":true}